﻿{
  "ProviderId": "Microsoft.VisualStudio.ConnectedService.Wcf",
  "Version": "15.0.40203.910",
  "ExtendedData": {
    "inputs": [
      "http://genericapi.francecentral.cloudapp.azure.com/soap-api/station"
    ],
    "collectionTypes": [
      "System.Collections.Generic.Dictionary`2",
      "System.Collections.Generic.List`1"
    ],
    "messageContract": true,
    "namespaceMappings": [
      "*, TrainsOnline.Desktop.Infrastructure.Services.SoapServices.Station"
    ],
    "targetFramework": "netstandard2.0",
    "typeReuseMode": "None"
  }
}