﻿{
  "ProviderId": "Microsoft.VisualStudio.ConnectedService.Wcf",
  "Version": "15.0.40203.910",
  "ExtendedData": {
    "inputs": [
      "https://genericapi.francecentral.cloudapp.azure.com/soap-api/authentication"
    ],
    "collectionTypes": [
      "System.Array",
      "System.Collections.Generic.Dictionary`2"
    ],
    "messageContract": true,
    "namespaceMappings": [
      "*, TrainsOnline.Desktop.Infrastructure.Services.SoapServices.Authentication"
    ],
    "targetFramework": "netstandard2.0",
    "typeReuseMode": "None"
  }
}