﻿{
  "ProviderId": "Microsoft.VisualStudio.ConnectedService.Wcf",
  "Version": "15.0.40203.910",
  "GettingStartedDocument": {
    "Uri": "https://go.microsoft.com/fwlink/?linkid=858517"
  },
  "ExtendedData": {
    "inputs": [
      "https://genericapi.francecentral.cloudapp.azure.com/soap-api/user"
    ],
    "collectionTypes": [
      "System.Array",
      "System.Collections.Generic.Dictionary`2"
    ],
    "messageContract": true,
    "namespaceMappings": [
      "*, TrainsOnline.Desktop.Infrastructure.Services.SoapServices.User"
    ],
    "targetFramework": "netstandard2.0",
    "typeReuseMode": "None"
  }
}